이름,주소,위도,경도,상세정보
부산항 제 1부두,부산광역시 중구 중앙동 4가 15-33,35.10498,129.04028,"피란민의 아픔에서 부산의 경제 발전으로, 재건의 시작"
1934 기차 동래역,부산광역시 동래구 낙민동 112-3,35.19779,129.09004,옛 동해남부선 동래역을 리모델링해 2025년 문을 연 역사·문화 공간
1호 문화공원,부산광역시 강서구 명지동 3483-5,35.1075331,128.9220272,
40계단,부산광역시 중구 동광동5가 44-3,35.103977,129.0346,
920호소공원,부산광역시 해운대구 중동 1833,35.16017904,129.1702615,
921호소공원,부산광역시 해운대구 중동 1838,35.15994896,129.167679,
922호소공원,부산광역시 해운대구 중동 1830,35.16137251,129.1692308,
APEC나루공원,부산광역시 해운대구 우동 1494,35.16790825,129.1273173,
F1963,부산광역시 수영구 망미동 475-1,35.176933,129.11496,
KF아세안문화원,부산광역시 해운대구 좌동 1427,35.17519,129.18196,
KT&G상상마당 부산,부산광역시 부산진구 부전동 521-1,35.15431,129.05728,
KT&G상상마당 부산미술관,부산광역시 부산진구 부전동 521-1,35.154278,129.0573028,
SWITZEN PARK,부산광역시 동래구 사직동 1037,35.19896555,129.0575801,
가덕도,부산광역시 강서구 천성동 502,35.022896,128.8172,
가덕도 연대봉,부산광역시 강서구 천성동,35.026875,128.83395,
가람공원,부산광역시 강서구 지사동 1175,35.14995875,128.8202445,
가로공원(북산1주택재개발),부산광역시 동래구 칠산동 70-8,35.205784,129.0926947,
가리새공원,부산광역시 강서구 범방동 1923,35.138436,128.890437,
가리새수변공원,부산광역시 강서구 범방동 1913,35.14278145,128.8874917,
가마실공원,부산광역시 금정구 부곡동 296-2,35.22804416,129.0917065,
가야감고개공원,부산광역시 부산진구 가야동 553,35.14802443,129.0336273,
가야산책공원,부산광역시 부산진구 가야동 669-11,35.1477989,129.0274102,
갈대성공원,부산광역시 강서구 명지동 3244-1,35.083147,128.906046,
감만A어린이공원,부산광역시 남구 감만동 176-24,35.117437,129.084186,
감만B어린이공원,부산광역시 남구 감만동 225-7,35.112435,129.083668,
감만당집마루 소공원,부산광역시 남구 감만동 463-1,35.112918,129.080413,
감전야생화단지,부산광역시 사상구 감전동 873,35.142826,128.96594,
감천 문화마을 공원,부산광역시 사하구 감천동 11-113,35.0953162,129.0065519,
감천문화마을,부산광역시 사하구 감천동 1-14,35.095787,129.00926,
강변공원,부산광역시 기장군 정관읍 달산리 1245,35.32017985,129.1952393,
강변공원,부산광역시 수영구 망미동 198-1,35.178768,129.116922,
강변공원,부산광역시 연제구 연산동 2318,35.18398875,129.1135507,
강변둥지공원,부산광역시 북구 화명동 188-2,35.24215478,129.0141821,
강송정공원,부산광역시 기장군 일광면 이천리 844,35.26548722,129.2355213,
개금숲길공원,부산광역시 부산진구 개금동 56,35.1610077,129.0260603,
개나리공원,부산광역시 기장군 기장읍 청강리 295,35.23746387,129.2175711,
개나리공원,부산광역시 북구 만덕동 912-1,35.21094624,129.0273294,
개나리어린이공원,부산광역시 남구 문현동 189-22,35.138072,129.073376,
개나리어린이공원,부산광역시 부산진구 개금동 53-4,35.16074733,129.029048,
갤러리 수정,부산광역시 동구 수정동 1186-1,35.12573,129.04266,부산의 숨은 예술을 찾다
갤러리 플레이리스트,부산광역시 중구 중앙동2가 49-6,35.102535,129.03517,부산 현대미술의 새로운 성지
거님길공원,부산광역시 기장군 철마면 고촌리 683,35.23803877,129.1692506,
거미줄공원,부산광역시 해운대구 좌동 1334,35.1656385,129.1790889,
거북공원,부산광역시 북구 구포동 1075-17,35.20217234,128.9954043,
거북소공원,부산광역시 북구 구포동 882-30,35.19755725,129.0019476,
거성사거리 가로공원,부산광역시 연제구 거제동 905-1,35.19139012,129.0679779,
거제체육공원,부산광역시 연제구 거제동 1468-13,35.19497256,129.0819382,
건강공원,부산광역시 북구 금곡동 57-2,35.26381864,129.0212822,
견우공원,부산광역시 북구 화명동 731,35.23680814,129.0179882,
견우공원,부산광역시 해운대구 좌동 1311,35.17152923,129.1799416,
경도공원,부산광역시 사하구 다대동 1492,35.02696819,128.9706146,
경성대학교미술관,부산광역시 금정구 장전동 503-44,35.13843676,129.1000975,
고니나루쉼터,부산광역시 사하구 다대동 1525-1,35.0700279,128.9531623,
고당공원,부산광역시 동래구 온천동 15-8,35.224059,129.078222,
고동바위공원,부산광역시 사상구 모라동 1359,35.188206,128.9902926,
고려제강기념관,부산광역시 수영구 망미동 496 ,35.177723,129.11348,
고은사진미술관,부산광역시 해운대구 우동 1005-17,35.1632784,129.1412107,
곡상골공원,부산광역시 사상구 모라동 1345-6,35.19153821,128.9909285,
공간공원,부산광역시 사하구 다대동 85-14,35.06618505,128.9805657,
공립수목원,부산광역시 북구 화명동 39-1,35.25100773,129.0426586,
공수물공원,부산광역시 금정구 부곡동 255-8,35.231648,129.092102,
공창공원,부산광역시 북구 금곡동 92-1,35.26369535,129.0167932,
과정공원,부산광역시 수영구 망미동 417-1,35.17466466,129.1085446,
과정공원,부산광역시 연제구 연산동 407,35.18752618,129.1022898,
광명어린이공원,부산광역시 영도구 동삼동 1123-11,35.083947,129.067073,
광안1동 소공원,부산광역시 수영구 광안동 1302-9,35.16527632,129.1111741,
광안공원,부산광역시 수영구 광안동 260-2,35.153412,129.118511,
광안리 골방,부산광역시 수영구 민락동 34-7,35.157566,129.12578,
광안리해수욕장,부산광역시 수영구 광안동 192-20,35.15318,129.11887,광안리의 밤은 당신의 낮보다 아름답다
광안종합시장,부산광역시 수영구 광안동 94-1 ,35.164215,129.11816,
괴정공원,부산광역시 사하구 괴정동 581-28,35.09886804,128.9814478,
괴정동 경로당 공원,부산광역시 사하구 괴정동 545-7,35.09640543,128.9879382,
괴정동 노인복지관 앞 공원,부산광역시 사하구 괴정동 578-17,35.09928642,128.9822328,
괴정동 사거리 앞 공원,부산광역시 사하구 괴정동 534-23,35.09660151,128.9890597,
괴정동 우체국 앞 공원,부산광역시 사하구 괴정동 537-43,35.09486022,128.9887209,
괴정동 주민센터 앞 어린이공원,부산광역시 사하구 괴정동 566-31,35.09730612,128.9826264,
괴정시장 소공원,부산광역시 사하구 괴정동 571-11,35.09895971,128.9839915,
괴정초등학교 앞 공원,부산광역시 사하구 괴정동 535-15,35.09589417,128.9890212,
교리근린공원,부산광역시 기장군 기장읍 교리 산 34-8,35.25526503,129.2143411,
갤러리 이비나인,부산광역시 동구 초량동 467,35.11636259,129.0391349,
구기공원,부산광역시 기장군 장안읍 반룡리 870,35.33366888,129.2627488,
구덕공원,부산광역시 사상구 학장동 168-5,35.1391941,128.9911134,
구덕문화공원,부산광역시 서구 서대신동3가 산18-15,35.12617,129.00514,
구덕야영장 계곡,부산광역시 서구 서대신동3가 750,35.12556,129.00969,
구랑공원,부산광역시 강서구 구랑동 1199-7,35.13117903,128.8529028,
구목정공원,부산광역시 기장군 정관읍 용수리 1354,35.32444477,129.1734904,
구삼공원,부산광역시 북구 구포동 1260-19,35.19586792,129.0067365,
구서공원,부산광역시 금정구 구서동 1050,35.251219,129.087464,
구월공원,부산광역시 금정구 부곡동 956,35.2234468,129.0981642,
구평 근린공원,부산광역시 사하구 구평동 500,35.08376696,128.9842358,
구평뜰공원,부산광역시 사하구 구평동 497,35.08673243,128.9852854,
구포문화공원,부산광역시 북구 구포동 779-4,35.20078252,129.0020948,
구포생태근린공원,부산광역시 북구 구포동 1250-18,35.19434626,129.0116428,
구포어린이교통공원,부산광역시 북구 구포동 976,35.200676,129.0009,
구학공원,부산광역시 사상구 학장동 168-9,35.13574464,128.9919603,
국립부산과학관,부산광역시 기장군 기장읍 석산리 293 ,35.20468,129.2127,
국립부산국악원,부산광역시 부산진구 연지동 219-2,35.17132,129.05424,
국립부산국악원 국악체험관,부산광역시 부산진구 연지동 219-2 ,35.171013,129.05438,
국립수산과학관,부산광역시 기장군 기장읍 시랑리 408-1 ,35.193687,129.22423,바다 속 체험은 국립수산과학관으로
국립일제강제동원역사관,부산광역시 남구 대연동 1156-18 ,35.124355,129.09192,
국립해양박물관,부산광역시 영도구 동삼동 1156,35.07856342,129.0802449,
국제커피박물관,부산광역시 동구 좌천동 1164-2 ,35.12724,129.04846,
굿거리언덕공원,부산광역시 기장군 기장읍 내리 800,35.19873169,129.207608,
그린꽃님공원,부산광역시 북구 화명동 513,35.23998415,129.022576,
그린달님공원,부산광역시 북구 화명동 306,35.2451383,129.0238495,
근린공원,부산광역시 강서구 대저2동 3146-2,35.165806,128.953667,
근린공원,부산광역시 기장군 정관읍 달산리 1036,35.31742069,129.1863713,
금강공원,부산광역시 금정구 장전동 산 46-2,35.2263915,129.0623779,
금강공원,부산광역시 동래구 온천동 20-1,35.21962513,129.075758,
금강공원&식물원,부산광역시 동래구 온천동 산133,35.22047,129.07494,
금곡근린공원,부산광역시 북구 금곡동 100-1,35.25942702,129.0161609,
금병공원,부산광역시 강서구 범방동 1875-4,35.149572,128.882679,
금빛공원,부산광역시 북구 금곡동 53-2,35.26798628,129.0198289,
금빛노을브릿지,부산광역시 북구 구포동,35.21049,129.0017,
금사소공원,부산광역시 금정구 금사동 566,35.22362722,129.1115824,
금산공원,부산광역시 동래구 온천동 296-17,35.218818,129.076694,
금융지구공원,부산광역시 남구 문현동 1228-6,35.14654068,129.0644345,
금정공원,부산광역시 금정구 구서동 458-2,35.244967,129.087965,
금정산,부산광역시 금정구 금성동,35.280136,129.0512,
금천공원,부산광역시 금정구 금사동 25-5,35.223792,129.114729,
금호공원,부산광역시 강서구 대저2동 3146-2,35.16580654,128.9536671,
기비골공원,부산광역시 북구 덕천동 814-2,35.21803874,129.021114,
기장 달음산 자연휴양림,부산광역시 기장군 일광읍 용천리 산252,35.30242,129.18535,
기장 도예 관광 힐링촌 테마숲,부산광역시 기장군 장안읍 기룡리 산126,35.360134,129.23999,
기장향교,부산광역시 기장군 기장읍 교리 62,35.25757498,129.2158808,
기찰공원,부산광역시 금정구 부곡동 26-11,35.24182299,129.0943291,
길천공원,부산광역시 기장군 장안읍 길천리 산 109-9,35.32779759,129.2843173,
까치공원,부산광역시 금정구 장전동 220-2,35.23800895,129.086307,
까치어린이공원,부산광역시 부산진구 개금동 1-10,35.16352419,129.0258829,
깡깡이 예술마을,부산광역시 영도구 대평동2가 208,35.092648,129.03255,
꽃게공원,부산광역시 강서구 명지동 3313-9,35.1114825,128.9210893,
꽃내음마당공원,부산광역시 기장군 기장읍 내리 797,35.2019611,129.2069131,
꽃님공원,부산광역시 사하구 감천동 502-37,35.08951404,129.002416,
꽃다래공원,부산광역시 해운대구 반송동 산51-120,35.2188983,129.1558447,
꽃망울공원,부산광역시 해운대구 반송동 891,35.22818449,129.1590067,
꽃보라공원,부산광역시 기장군 정관읍 방곡리 411,35.32305743,129.1874162,
꿀벌공원,부산광역시 강서구 명지동 3406,35.093227,128.9147464,
꿈나래공원,부산광역시 강서구 지사동 1189-7,35.149803,128.835211,
꿈나래공원,부산광역시 북구 덕천동 805,35.20600869,129.0132406,
꿈나무공원,부산광역시 동래구 온천동 1853-13,35.20990174,129.0692532,
꿈나무공원,부산광역시 연제구 연산동 1478-1,35.18448121,129.0762522,
꿈나무공원,부산광역시 해운대구 좌동1336,35.1663624,129.1776921,
꿈동산공원,부산광역시 사하구 다대동 940,35.05791039,128.9690906,
꿈동산어린이공원,부산광역시 부산진구 양정동 91-2,35.1744214,129.0774871,
꿈마루공원,부산광역시 북구 덕천동 813,35.205895,129.0118896,
꿈에공원,부산광역시 해운대구 반여동 1601-2,35.20118385,129.1322645,
나라어린이공원,부산광역시 사상구 엄궁동 726-2,35.12757501,128.9778343,
나래울공원,부산광역시 기장군 정관읍 달산리 1198,35.3208811,129.1847064,
나무누리공원,부산광역시 기장군 정관읍 용수리 1356,35.327531,129.1660343,
나뭇잎공원,부산광역시 강서구 명지동 3428-4,35.094776,128.921641,
낙민공원,부산광역시 동래구 낙민동 92-8,35.19559115,129.097216,
남강공원,부산광역시 강서구 미음동 1553-7,35.156126,128.856431,
남광공원,부산광역시 남구 대연동 1898,35.12167453,129.0902971,
남명공원,부산광역시 강서구 명지동 3243-3,35.083292,128.909979,
남문사거리1 가로공원,부산광역시 연제구 거제동 18-53,35.18833128,129.0751508,
남문사거리2 가로공원,부산광역시 연제구 거제동 454-1,35.18811742,129.0740384,
남산공원,부산광역시 금정구 남산동 988-4,35.266611,129.086972,
남산공원,부산광역시 기장군 기장읍 서부리 403,35.2505951,129.2102831,
남산정공원,부산광역시 북구 덕천동 814-7,35.21574398,129.0227987,
남포지하도상가,부산광역시 중구 남포동5가 83-2,35.09800844,129.0320056,
낫개가로공원,부산광역시 사하구 다대동 120-5,35.0608144,128.9796781,
광복지하도상가,부산광역시 중구 중앙동1가 25-2,35.10022856,129.0356502,
내원정사,부산광역시 서구 서대신동3가 1,35.126575,129.01202,
너울공원,부산광역시 강서구 명지동 3439,35.09581412,128.925039,
너울공원,부산광역시 수영구 민락동 779,35.16556806,129.1200926,
너울소공원,부산광역시 금정구 부곡동 64-31,35.24198217,129.0914307,
널구지공원,부산광역시 수영구 민락동 336-43,35.16325038,129.129053,
노을공원,부산광역시 해운대구 반여동 1635,35.20209966,129.1235168,
녹산고향동산,부산광역시 강서구 범방동 1998,35.15428075,128.8861797,
놀이마당공원,부산광역시 금정구 청룡동 49,35.27601498,129.087134,
누리마루 APEC하우스 ,부산광역시 해운대구 우동 714-1,35.152336,129.15132,
누리바라기전망대,부산광역시 서구 남부민동 50-40,35.09092,129.02019,
누림공원,부산광역시 해운대구 좌동 1437-3,35.17311197,129.1842377,
느티나무공원,부산광역시 사하구 감천동 234-3,35.08187731,129.0061341,
늘푸른공원,부산광역시 수영구 남천동 152,35.141811,129.113478,
늘푸른공원,부산광역시 연제구 연산동 789,35.17961902,129.0815429,
늘품공원,부산광역시 강서구 명지동 3232-7,35.084518,128.900585,
다누림공원,부산광역시 사상구 학장동 288-12,35.14744572,128.9948438,
다대포 근린공원,부산광역시 사하구 다대동 1548-10,35.05011503,128.9628057,
다대포 바다누리길,부산광역시 사하구 다대동 468-6,35.046967,128.96936,
다대포 해수욕장,부산광역시 사하구 다대동 482-3,35.04652,128.96283,
다대포해변공원,부산광역시 사하구 다대동 1674,35.04608222,128.9666308,
다람쥐공원,부산광역시 금정구 남산동 975-4,35.269483,129.087828,
다소미공원,부산광역시 해운대구 중동 1508-10,35.1575399,129.1763098,
다솜공원,부산광역시 사상구 주례동 54-228,35.149216,129.0156066,
다송공원,부산광역시 사하구 다대동 94-1,35.06858736,128.9805874,
다온공원,부산광역시 사상구 엄궁동 674-2,35.12621941,128.9770501,
닥밭골 벽화마을,부산광역시 서구 동대신동2가 87-218,35.114338,129.02371,
단비동산공원,부산광역시 동래구 사직동 74-17,35.19779575,129.063094,
달님공원,부산광역시 금정구 남산동 989-12,35.266616,129.0857946,
담안골공원,부산광역시 해운대구 반송동 882(반송택지개발지구),35.2277501,129.163538,
당곡공원,부산광역시 남구 대연동 산210-4,35.12349905,129.0908733,
대동골소공원,부산광역시 남구 대연동 243-10,35.151303,129.088969,
대룡마을,부산광역시 기장군 장안읍 오리 103 ,35.370792,129.2628,
대명소공원,부산광역시 동래구 명장동 508-81,35.21130193,129.0983911,
대성공원,부산광역시 사하구 다대동 1552-3,35.04870983,128.9672813,
대신공원,부산광역시 서구 서대신동3가 산2-1,35.12181,129.01564,
대연공원,부산광역시 남구 대연동 1346-305,35.13769668,129.0945678,
대연문화공원,부산광역시 남구 대연동 1864,35.13962157,129.103957,
대연숲속소공원,부산광역시 남구 대연동 1808-4,35.137536,129.106734,
대연어린이공원,부산광역시 남구 대연동 1871,35.1371365,129.0796813,
대연혁신도시 어린이공원,부산광역시 남구 대연동 1860,35.14232896,129.0999842,
대일어린이공원,부산광역시 남구 대연동 1727-1,35.134016,129.0954482,
대저생태공원,부산 강서구 대저1동 1-5,35.20406,128.98305,
대천공원,부산광역시 북구 금곡동 1897,35.241114,129.0114933,
대천공원,부산광역시 해운대구 좌동 1381,35.18163195,129.1670878,
대천산림문화공원,부산광역시 해운대구 좌동 1390,35.18133943,129.1678283,
대천천수변공원,부산광역시 북구 화명동 311,35.24327534,129.0224416,
대청스카이전망대,부산광역시 중구 대청동4가 2-119,35.107513,129.02963,부산을 내려다볼 수 있는 곳
대항 어항동 방파제 등대,부산 강서구 대항동 393-3,35.011753,128.82515,
더불어공원,부산광역시 사하구 다대동 86-1,35.06674161,128.9825515,
더휴일X데스커 워케이션 센터,부산광역시 영도구 봉래동2가 115,35.095074,129.0427,
덕내공원,부산광역시 북구 덕천동 342-6,35.21380126,129.0137845,
덕두공원,부산광역시 강서구 대저2동 3136-3,35.17090941,128.9535289,
덕발공원,부산광역시 기장군 기장읍 청강리 188,35.23528153,129.2224012,
덕천개발지구(휴공원),부산광역시 북구 덕천동 807,35.20795005,129.0131982,
덕천공원,부산광역시 북구 덕천동 811-1,35.21058674,129.0170701,
덕천근린공원,부산광역시 북구 덕천동 산 93,35.21692179,129.0073605,
덕천소공원,부산광역시 북구 덕천동 819,35.21377598,129.0092095,
덕포공원,부산광역시 사상구 덕포동 365-1,35.178556,128.9876612,
덕포백양공원,부산광역시 사상구 덕포동 776-1,35.174907,128.9895802,
덕포체육공원,부산광역시 사상구 덕포동 763,35.17759531,128.9892872,
도담공원,부산광역시 강서구 명지동 3242-4,35.079992,128.9104877,
도담공원,부산광역시 사상구 엄궁동 683-4,35.12436409,128.9680361,
도담공원,부산광역시 해운대구 우동 933-54,35.1683296,129.1350636,
도라지공원,부산광역시 기장군 기장읍 청강리 149,35.2360871,129.2213661,
도모헌,부산광역시 수영구 황령산로7번길 60,35.147057,129.10724,
도요새공원,부산광역시 강서구 명지동 3604-4,35.0918359,128.9084248,
돌산공원,부산광역시 부산진구 전포동 산 65-3,35.14937672,129.072058,
동구래공원,부산광역시 기장군 정관읍 달산리 1208,35.31854956,129.1882085,
동그라미공원,부산광역시 기장군 정관읍 용수리 1320,35.32632549,129.1750687,
동대공원,부산광역시 금정구 회동동 558,35.23063876,129.1261312,
동래사적공원,부산광역시 동래구 명륜동 137-4,35.211818,129.0921895,
동래읍성,부산 동래구 명륜동 산48-2,35.20975,129.08997,
동래-해운대공원,부산광역시 해운대구 우동 993-31,35.16181249,129.1464404,
동래향교,부산광역시 동래구 명륜동 235,35.2077099,129.084195,
동백공원,부산광역시 해운대구 우동710-3,35.15259434,129.1525397,
동백섬,부산광역시 해운대구 우동 710-1,35.15397,129.1523,
동부근린공원,부산광역시 기장군 기장읍 동부리 428,35.25007433,129.2153044,
동삼공원,부산광역시 영도구 동삼동 510-28,35.073341,129.0676059,
동삼동패총전시관,부산광역시 영도구 동삼동 749-8,35.07119,129.07968,
동삼혁신지구공원,부산광역시 영도구 동삼동 1163,35.07874467,129.0779467,
동심공원,부산광역시 북구 만덕동 872-3,35.20899751,129.0387598,
동심초공원,부산광역시 북구 만덕동 925-2,35.2096799,129.0289059,
동아대학교 석당미술관,부산광역시 서구 부민동2가 1,35.103747,129.0194155,
동아대학교 석당박물관,부산광역시 서구 부민동2가 1,35.103747,129.0194155,
동양어린이공원,부산광역시 부산진구 부암동 726,35.17621167,129.0299758,
동의대학교 박물관,부산광역시 부산진구 가야동 464-121,35.14432081,129.0363092,
동천문화공원,부산광역시 남구 문현동 1227-1,35.14865604,129.0643778,
동해공원,부산광역시 기장군 기장읍 동부리 376-6,35.2492351,129.2187875,
돛단배공원,부산광역시 강서구 명지동 3577-1,35.09594065,128.9002654,
두루미공원,부산광역시 강서구 명지동 3455-5,35.09569613,128.923634,
두명소공원,부산광역시 기장군 정관읍 두명리 254-28,35.36180647,129.1466728,
두송공원,부산광역시 사하구 다대동 94-3,35.06629567,128.9853734,
두실새싹공원,부산광역시 금정구 구서동 1023-42,35.257982,129.0856979,
둥지공원,부산광역시 기장군 정관읍 모전리 718,35.34010345,129.1617723,
등나무공원,부산광역시 사하구 다대동 80-1,35.06789445,128.9804316,
등대공원,부산광역시 강서구 명지동 3241-1,35.080713,128.906433,
디오티미술관,부산광역시 금정구 장전동 503-44,35.228821,129.076708,
땅뫼산 황토숲길,부산광역시 금정구 오륜동  352-3,35.247078,129.12192,
떡곡숲공원,부산광역시 기장군 일광읍 삼성리 751,35.26314392,129.2188056,
뜰마루마당공원,부산광역시 기장군 기장읍 내리 788,35.20541285,129.2068557,
라온공원,부산광역시 수영구 광안동 1336,35.1578284,129.1075342,
렛츠런파크 부산경남,부산광역시 강서구 범방동 1833,35.1566,128.87521,
록봉민속교육박물관,부산광역시 강서구 천성동 813,35.03153063,128.8135847,
륜 빌리지 ,부산광역시 금정구 오륜동 325,35.24763,129.11644,
리틀 프린스 하우스,부산광역시 사하구 감천동 10-13,35.09775,129.00851,
링컨공원,부산광역시 강서구 명지동 3231-1,35.08555226,128.897768,
마루공원,부산광역시 사하구 당리동 63-40,35.10606634,128.9771054,
마비등공원,부산광역시 강서구 범방동 1903-3,35.146778,128.881378,
마하사,부산광역시 연제구 연산동 2039,35.163532,129.08733,
만남의 공원,부산광역시 수영구 망미동 1184,35.17340265,129.1021879,
만덕사지당간지주역사공원,부산광역시 북구 만덕동 784,35.21553348,129.0434376,
망미공원,부산광역시 수영구 망미동 640-13,35.17375404,129.1046625,
망양로 산복도로 전시관,부산광역시 동구 초량동 865-148,35.117672,129.0332,
맥도생태공원,부산광역시 강서구 대저2동 1200-32,35.152267,128.95494,
맹꽁어린이공원,부산광역시 강서구 명지동 3235-1,35.080752,128.897908,
명례공원,부산광역시 기장군 장안읍 장안리 697,35.36617696,129.2530917,
명서공원,부산광역시 동래구 명장동 506-3,35.212224,129.100218,
명장공원,부산광역시 금정구 금사동 산 7-9,35.21243295,129.1096663,
명장공원,부산광역시 동래구 명장동 455-2,35.207759,129.108461,
명장소공원,부산광역시 동래구 명장동 334-2,35.20975238,129.1041775,
명장한마음공원,부산광역시 동래구 명장동 136-13,35.203709,129.104858,
명지 철새 탐조대,부산광역시 강서구 명지동 3308-3,35.084156,128.91174,
명지공원,부산광역시 강서구 명지동 3247,35.087763,128.9085249,
명지소공원,부산광역시 강서구 명지동 1396,35.10758714,128.926612,
명진근린공원,부산광역시 북구 화명동 2260,35.2386335,129.0095397,
명호어린이공원,부산광역시 강서구 명지동 3236-1,35.08066501,128.900785,
모라공원,부산광역시 사상구 모라동 1365-1,35.183318,128.9905626,
모라백양공원,부산광역시 사상구 모라동 75-5,35.182139,129.0016374,
모라벤처타워공원,부산광역시 사상구 모라동 1375-3,35.19004594,128.9864313,
모라어울림공원,부산광역시 사상구 모라동 713-11,35.1842392,128.9836086,
모라틔움공원,부산광역시 사상구 모라동 1385,35.19167904,128.9941051,
모전공원,부산광역시 기장군 정관읍 모전리 690,35.33641556,129.1705005,
모퉁이극장,부산광역시 중구 신창동1가 8-2,35.1006,129.0309,
몰리소공원,부산광역시 부산진구 가야동 156 ,35.15251389,129.0299297,
못골어린이공원,부산광역시 남구 대연동 1475-2,35.139799,129.090081,
무궁화공원,부산광역시 기장군 기장읍 동부리 362-8,35.24683781,129.2180415,
무비인더박스,부산광역시 해운대구 우동 653-2,35.15933365,129.1543081,
무사이,부산광역시 북구 화명동 1426-1 ,35.23837,129.01569,
무제등소공원,부산광역시 남구 용당동 24-2,35.107143,129.104494,
문현3 어린이공원1,부산광역시 남구 문현동 21-10,35.147056,129.073571,
문현3 어린이공원2,부산광역시 남구 문현동 558-20,35.145593,129.071143,
문현IFC소공원1,부산광역시 남구 문현동 758-11,35.143206,129.0640192,
문현IFC소공원2,부산광역시 남구 문현동 786-32,35.14225619,129.0646803,
문현어린이공원,부산광역시 남구 문현동 136-8,35.142741,129.073677,
문화공원2,부산광역시 중구 중앙동4가 107,35.108044,129.042945,
문화공원3,부산광역시 중구 중앙동4가 101,35.10738802,129.0419375,
문화공감 수정,부산광역시 동구 수정동 1010 ,35.12555451,129.0426363,
문화예술플랫폼,부산광역시 북구 구포동 1060-90 ,35.206764,128.99797,
물결공원,부산광역시 강서구 명지동 3403,35.09398169,128.9125905,
물결마당공원,부산광역시 기장군 기장읍 내리 773,35.20571237,129.2048021,
물너울공원,부산광역시 기장군 정관읍 용수리 1405,35.3203296,129.1730771,
물떼새공원,부산광역시 강서구 명지동 3575-1,35.10014847,128.925143,
물만골소공원,부산광역시 연제구 연산동 2349,35.18062696,129.082731,
물빛공원,부산광역시 기장군 정관읍 모전리 677,35.34093214,129.1665054,
물샘공원,부산광역시 북구 만덕동 812,35.21837007,129.039483,
물소리공원,부산광역시 북구 만덕동 959-13,35.21409371,129.0376935,
뮤지엄원,부산광역시 해운대구 센텀서로 20,35.1713212,129.1289814,
뮤직컴플렉스 서울 부산점,부산광역시 기장군 기장읍 시랑리 산46,35.193672,129.21411,
미남공원,부산광역시 동래구 온천동 1236-10,35.205742,129.066217,
미래공원,부산광역시 북구 금곡동 811-2,35.25762202,129.0141258,
미르아토어린이공원,부산광역시 남구 용호동 544-6,35.112869,129.111903,
미리내공원,부산광역시 해운대구 좌동 1416,35.17826585,129.1791161,
미리내어린이공원,부산광역시 부산진구 당감동 796-3,35.1718501,129.0290792,
미소공원,부산광역시 해운대구 중동 1816,35.16153597,129.1776534,
미음공원,부산광역시 강서구 미음동 1647,35.14698172,128.8636758,
민들레공원,부산광역시 기장군 기장읍 대라리 182,35.2357811,129.2120221,
민락수변공원,부산광역시 수영구 민락동 110-19,35.15487,129.13399,
민주공원,부산광역시 북구 금곡동 1115,35.24886681,129.0146713,
민주공원,부산광역시 중구 영주동 산10-7,35.10967618,129.0280745,
바다공원,부산광역시 강서구 명지동 3229-21,35.08735018,128.8996067,
바다내음공원,부산광역시 해운대구 중동 1516-1,35.1612302,129.1720429,
바람개비공원,부산광역시 기장군 정관읍 모전리 709,35.3396806,129.1587328,
바람공원,부산광역시 해운대구 반여동 1620,35.20451896,129.1219044,
박차정의사 생가,부산광역시 동래구 칠산동 319-1,35.20168,129.0904,
박태준기념관,부산광역시 기장군 장안읍 임랑리 120-3 ,35.316902,129.26108,
반송근린공원,부산광역시 해운대구 반송동 844-2,35.22024108,129.1592756,
반여 초록공원 장산계곡,부산광역시 해운대구 반여동 산111-2,35.203255,129.13632,
반여공원,부산광역시 해운대구 반여동 1630,35.1994919,129.1236657,
배산공원,부산광역시 수영구 망미동 1169,35.17729239,129.1013635,
백두공원,부산광역시 기장군 기장읍 대라리 1004,35.2409766,129.2109708,
백두어린이공원,부산광역시 부산진구 당감동 794-1,35.1723937,129.0256642,
백산기념관,부산광역시 중구 동광동3가 10-1,35.101955,129.03456,
백산어린이공원,부산광역시 수영구 민락동 770,35.16490476,129.123828,
백양가족공원,부산광역시 부산진구 당감동 794-2,35.17351807,129.0289001,
백양근린공원,부산광역시 북구 만덕동 843,35.20724231,129.0377929,
백양산,부산광역시 부산진구 당감동,35.182827,129.02196,
백양숲공원,부산광역시 북구 구포동 1245,35.19439942,129.01427,
백양어린이공원,부산광역시 부산진구 초읍동 181-1,35.1812528,129.0520714,
백운공원,부산광역시 북구 만덕동 863-2,35.20684342,129.041109,
백포공원,부산광역시 북구 화명동 2263,35.23778382,129.0109025,
범방공원,부산광역시 강서구 미음동 1528-3,35.160474,128.863743,
범방소공원,부산광역시 강서구 범방동 1859-14,35.15072479,128.8833845,
범방어린이공원,부산광역시 강서구 범방동 1851,35.152202,128.883356,
범어사,부산광역시 금정구 청룡동 546,35.283646,129.06854,
범어사 성보박물관,부산광역시 금정구 청룡동 산2-1,35.278435,129.0744,
범어사 용성계곡,부산광역시 금정구 청룡동 산2-13,35.283524,129.06847,
벡스코,부산광역시 해운대구 우동 1500,35.169247,129.13628,
별님공원,부산광역시 기장군 일광면 삼성리 46-1,35.26473152,129.2350143,
별무리공원,부산광역시 강서구 명지동 3233-1,35.083143,128.901138,
별바라기공원,부산광역시 해운대구 반여동 1663,35.19818054,129.1185131,
별천지공원,부산광역시 해운대구 재송동 1160-1,35.19158333,129.1327515,
볕바라기공원,부산광역시 기장군 일광읍 삼성리 775,35.2680829,129.2239698,
보듬공원,부산광역시 사상구 엄궁동 683-2,35.12452472,128.9691928,
보람공원,부산광역시 강서구 송정동 1718,35.088095,128.843216,
보람공원,부산광역시 금정구 금사동 86,35.21692815,129.1120436,
보림공원,부산광역시 사하구 장림동 1139,35.083152,128.9673322,
보수동책방골목,부산광역시 중구 보수동1가 151-1,35.103367,129.02663,
복천동고분군공원,부산광역시 동래구 복천동 50,35.207379,129.091795,
복천박물관&복천동고분군,부산광역시 동래구 복천동 50 ,35.208885,129.09116,
복천사,부산광역시 영도구 신선동3가 산6-1,35.082603,129.05058,
봄뜰공원,부산광역시 강서구 명지동 3513-3,35.10559621,128.9258286,
봉대공원,부산광역시 기장군 기장읍 대라리 922,35.24187393,129.2086019,
봉래산,부산광역시 영도구 신선동3가 산3,35.08219,129.05524,
뵤뵤공원,부산광역시 기장군 정관읍 매학리 769-5,35.3200411,129.1829511,
부경대학교박물관,부산광역시 금정구 청룡동 546,35.13116783,129.1048238,
부민산공원,부산광역시 사하구 괴정동 67-1,35.10644425,129.0091568,
대항 어촌마을,부산광역시 강서구 대항동 245-1,35.01166936,128.8276928,
정거마을,부산광역시 강서구 눌차동,35.06854859,128.8501418,
부산 워케이션 거점센터,부산광역시 동구 초량동 1201-1,35.116238,129.04184,
부산 트래블라운지,부산광역시 동구 초량동 569-2,35.113834,129.03818,
부산근현대역사관 별관,부산광역시 중구 대청동2가 24-2 ,35.10258,129.03203,
부산근현대역사관 본관,부산광역시 중구 대청동1가 44,35.102566,129.03214,
부산기상관측소,부산광역시 중구 대청동1가 9-305,35.104973,129.03218,
부산대박물관,부산광역시 금정구 장전동 40,35.23224315,129.0838247,
부산도서관,부산광역시 사상구 덕포동 415-2,35.172737,128.98526,
부산도서관 문화공원,부산광역시 사상구 덕포동 415-1,35.1735617,128.9849524,
부산묘지공원,부산광역시 금정구 두구동 산 80,35.27279032,129.0972141,
부산박물관,부산광역시 남구 대연동 948-1,35.12957,129.09451,
부산보건대학교 석파박물관,부산광역시 사하구 괴정동 산15-1,35.10672609,128.9972352,
부산솔로몬로파크,부산광역시 북구 구포동 782-43,35.200798,129.00198,
부산수학문화관,부산광역시 부산진구 부전동 389-25,35.15666,129.0513,
부산시립미술관,부산광역시 해운대구 우동 1413,35.16668716,129.1370273,
부산시민공원,부산광역시 부산진구 범전동 200,35.16841,129.05739,
부산시민공원 역사문화관,부산광역시 부산진구 범전동 200 ,35.168602,129.05751,
부산시청자미디어센터,부산광역시 해운대구 우동 1472 ,35.17255,129.1302,
한국신발관,부산광역시 부산진구 개금동 59-2 ,35.15724985,129.0258091,
누나의길,부산광역시 동구 범일동 1483-4,35.14184684,129.0536117,
부산어린이대공원 치유의숲,부산광역시 부산진구 초읍동 43,35.185402,129.04234,
부산어촌민속관,부산광역시 북구 화명동 2279 ,35.234074,129.00859,
부산여대차박물관,부산광역시 부산진구 양정동 423-47,35.16923652,129.0720552,
부산영화체험박물관/씨네뮤지엄,부산광역시 중구 동광동3가 41-4,35.101692,129.0337,
부산이슬람성원,부산광역시 금정구 남산동 30-1,35.259975,129.09227,
부산진성공원,부산광역시 동구 범일동 590-5,35.13574252,129.0604498,
부산치유의 숲,부산광역시 기장군 철마면 장전리 산180-2,35.26948,129.12955,
부산커피박물관,부산광역시 부산진구 전포동 683-11,35.15433,129.06453,
부산타워,부산광역시 중구 광복동2가 1-2 ,35.10119,129.0323,
부산포민속박물관,부산광역시 부산진구 부전동 168-176,35.15554992,129.0603702,
부산해양자연사박물관,부산광역시 동래구 온천동 산13-1,35.22178,129.07591,
부산현대미술관,부산광역시 사하구 하단동 1149-37,35.109245,128.94263,
부흥공원,부산광역시 해운대구 좌동 1325,35.16893565,129.1818791,
북두칠성도서관,부산광역시 동구 초량동 1266 ,35.116432,129.04588,
북항 친수공원,부산광역시 동구 초량동 1259,35.11442,129.04637,
북항재개발 홍보관,부산광역시 동구 초량동 45-66,35.11751,129.04921,
분포공원,부산광역시 남구 용호동 176-9,35.13067776,129.1074982,
불광산근린공원,부산광역시 기장군 장안읍 장안리 산 53-1,35.377115,129.2325453,
불미공원,부산광역시 강서구 생곡동 1539-7,35.13148096,128.8811555,
비둘기공원,부산광역시 기장군 기장읍 동부리 138,35.24735554,129.2149956,
비석바위공원,부산광역시 금정구 장전동 724,35.22876335,129.0812262,
사구범방대수변공원,부산광역시 강서구 범방동 1891,35.149228,128.8857877,
사기소공원,부산광역시 북구 만덕동 산 30,35.2163455,129.0431262,
사기천소공원,부산광역시 북구 만덕동 447-6,35.214573,129.0438902,
사라수변공원,부산광역시 기장군 기장읍 대라리 산 6-1,35.23822973,129.2049569,
사랑공원,부산광역시 북구 금곡동 1107,35.25412096,129.0143924,
사상공원,부산광역시 사상구 감전동 41,35.159391,128.9933232,
사상생활사박물관,부산광역시 사상구 삼락동 414-13,35.1720216,128.978723,
사직A소공원,부산광역시 동래구 사직동 157-44,35.1989266,129.074942,
사직놀이공원,부산광역시 동래구 사직동 54-2,35.200807,129.063638,
사직야구장,부산광역시 동래구 사직동 960,35.194107,129.06151,
사직한밭공원,부산광역시 동래구 사직동 16-7,35.19990711,129.059145,
산골공원,부산광역시 기장군 정관읍 용수리 1277,35.32959312,129.1812926,
산들공원,부산광역시 해운대구 좌동 1397,35.17935913,129.1723708,
산저공원,부산광역시 동래구 온천동 1853-25,35.21153247,129.072223,
삼광사,부산광역시 부산진구 초읍동 54-58,35.175694,129.04338,
삼락생태공원,부산광역시 사상구 삼락동 29-46,35.16884,128.97397,
삼성숲공원,부산광역시 기장군 일광읍 삼성리 790,35.26340476,129.222333,
상계소공원,부산광역시 북구 만덕동 961-4,35.21584491,129.0331906,
상록공원,부산광역시 북구 만덕동 892,35.20928321,129.0436398,
상록수공원,부산광역시 금정구 회동동 145-9,35.229023,129.122052,
상리어린이공원,부산광역시 영도구 동삼동 1123-2,35.08657479,129.0674196,
상방공원,부산광역시 강서구 대저2동 3136-1,35.172659,128.9525034,
상학소공원,부산광역시 북구 만덕동 961-1,35.21652463,129.0338143,
상해거리,부산광역시 동구 초량동 1210-1,35.113808,129.03786,
새늘공원,부산광역시 기장군 정관읍 모전리 733,35.33474186,129.1634449,
새동내공원,부산광역시 강서구 대저2동 2407-1,35.174568,128.950612,
새마을공원,부산광역시 기장군 기장읍 동부리 141-1,35.24525627,129.2183895,
새소리공원,부산광역시 북구 만덕동 960-6,35.2147643,129.033067,
새싹공원,부산광역시 북구 화명동 2320,35.22337164,129.0064614,
새싹공원,부산광역시 사상구 주례동 54-230,35.14908352,129.0146437,
새싹공원,부산광역시 사하구 다대동 94-7,35.0632643,128.9875102,
새싹공원,부산광역시 연제구 연산동 2132-1,35.17559743,129.0927312,
새싹공원,부산광역시 해운대구 반여동 1659,35.1966116,129.12435,
색동어린이공원,부산광역시 부산진구 당감동 796-1,35.1728201,129.0301309,
색채마을,부산광역시 중구 대청동4가 72-35,35.106995,129.02943,
샘골공원,부산광역시 금정구 구서동 637-1,35.260673,129.087471,
샛바람길공원,부산광역시 강서구 동선동 1068-2,35.05485993,128.8352848,
샛별공원,부산광역시 사하구 당리동 348-6,35.10241976,128.9815266,
생곡공원,부산광역시 강서구 생곡동 1537-2,35.13199275,128.8817074,
생활공원,부산광역시 강서구 생곡동 1531-5,35.1352029,128.8852347,
서당골공원,부산광역시 사상구 모라동 75-15,35.18159924,129.0016108,
서면미술관,부산광역시 부산진구 전포동 692-2,35.153927,129.06252,
서명상상공원,부산광역시 금정구 서동 131-12,35.216475,129.106535,
서연정공원,부산광역시 강서구 대저1동 1330-5,35.21647893,128.969512,
석말공원,부산광역시 강서구 범방동 1911-16,35.14495637,128.879017,
석불사,부산광역시 북구 만덕동 산2,35.221504,129.04861,
석사공원(사직1-6재건축),부산광역시 동래구 사직동 632-64,35.201944,129.059348,
석포어린이공원,부산광역시 남구 대연동 1892,35.125859,129.0912389,
선비공원,부산광역시 강서구 지사동 1185-2,35.15097229,128.8394872,
선암사,부산광역시 부산진구 부암동 628,35.176968,129.02771,
성암사,부산광역시 남구 문현동 산13-5,35.145626,129.08005,나만 알고 싶은 봄꽃 성지
성지곡수원지,부산광역시 부산진구 초읍동 43,35.187065,129.04105,
세산공원,부산광역시 강서구 범방동 1903-3,35.146754,128.8813045,
세실공원,부산광역시 동래구 명장동 506-18,35.209175,129.100539,
소공원,부산광역시 남구 대연동 1046,35.129499,129.090434,
소공원,부산광역시 남구 대연동 919-36,35.129533,129.0882899,
소공원,부산광역시 남구 문현동 426-81,35.141583,129.069574,
소공원,부산광역시 남구 문현동 555-53,35.1445922,129.0715832,
소공원,부산광역시 남구 우암동 209-34,35.129139,129.071771,
소공원,부산광역시 남구 우암동 129-56,35.12708417,129.0748973,
소공원,부산광역시 남구 문현동 189-79,35.1394024,129.073,
소공원,부산광역시 북구 금곡동 910-20,35.25455693,129.012177,
소공원,부산광역시 해운대구 재송동 1352,35.1914571,129.1171146,
소공원(951),부산광역시 해운대구 석대동 624,35.22070778,129.1184021,
소공원(복산1주택재개발),부산광역시 동래구 칠산동 51-1,35.207669,129.092689,
소공원(복산1주택재개발),부산광역시 동래구 복천동 87-1,35.2052367,129.0888983,
소공원(사직1주택재건축),부산광역시 동래구 사직동 15-1,35.20130207,129.0609885,
소공원(안락1주택재건축),부산광역시 동래구 명장동 152-4,35.201863,129.109632,
소공원(안락1주택재건축),부산광역시 동래구 안락동 466-1,35.200624,129.110977,
소나무공원,부산광역시 기장군 철마면 고촌리 657,35.23994259,129.1716249,
소담공원,부산광역시 강서구 신호동 263-1,35.080557,128.878164,
소담공원,부산광역시 해운대구 좌동 1376,35.17851458,129.1665199,
소두방공원,부산광역시 기장군 정관읍 방곡리 442,35.32529082,129.1817313,
소리공원,부산광역시 강서구 명지동 3398,35.097566,128.9121426,
소망공원,부산광역시 기장군 기장읍 교리 346,35.2517341,129.2160541,
소정공원,부산광역시 강서구 신호동 234-6,35.08443652,128.879222,
솔공원,부산광역시 북구 금곡동 97-2,35.26318308,129.0196917,
솔내음공원,부산광역시 북구 화명동 2329,35.21856941,129.0094446,
솔마루공원,부산광역시 기장군 정관읍 모전리 726,35.33632361,129.1648789,
솔마루공원,부산광역시 서구 암남동 777,35.07929269,129.0224286,
솔뫼어린이공원,부산광역시 남구 용호동 473,35.121847,129.115151,
솔바람공원,부산광역시 서구 암남동 776,35.07929269,129.0224286,
솔바람공원,"부산광역시 해운대구 송정동 305-5,22",35.18029774,129.1983501,
솔바람어린이공원,부산광역시 부산진구 당감동 516-5,35.16125028,129.031558,
솔바람언덕공원,부산광역시 기장군 기장읍 내리 802,35.20856226,129.2049563,
솔밭공원,부산광역시 동래구 온천동 1020-18,35.211738,129.066977,
솔밭공원,부산광역시 사하구 다대동 113-16,35.06165936,128.9745708,
솔밭소공원,부산광역시 해운대구 우동 598-17,35.1643689,129.1620958,
솔밭어린이공원,부산광역시 남구 용호동 409-5,35.120074,129.109518,
솔빛공원,부산광역시 기장군 정관읍 모전리 674,35.34237246,129.1627777,
송도공원,부산광역시 서구 암남동 124-1,35.07664188,129.0233998,
송도용궁구름다리,부산광역시 서구 암남동 620-53,35.06194,129.02191,바다와 하늘 사이에 걷다
송도해상케이블카,부산광역시 서구 암남동 765 ,35.076286,129.02365,
송도해수욕장,부산광역시 서구 암남동 135-5 ,35.07595,129.01694,
송도해안볼레길,부산 서구 암남동 산123-18,35.06836616,129.019247,
송상현광장,부산광역시 부산진구 전포동 575,35.166397,129.06595,
송정 구덕포길,부산광역시 해운대구 송정동,35.169155,129.19722,
송정공원,부산광역시 강서구 송정동 1455,35.10048771,128.8243905,
송정해수욕장,부산광역시 해운대구 송정동 297-9,35.1786,129.19966,
쇠미소공원,부산광역시 동래구 사직동 597-93,35.20271272,129.053221,
수련둘소공원,부산광역시 연제구 연산동 2347,35.18029334,129.0839563,
수련하나소공원,부산광역시 연제구 연산동 2345,35.17927812,129.0843819,
수령공원,부산광역시 기장군 기장읍 서부리 62-6,35.24727931,129.2099571,
수민어울공원,부산광역시 동래구 낙민동 135-1,35.196528,129.091638,
수변공원,부산광역시 수영구 민락동 110-18,35.155489,129.134419,
수영공원,부산광역시 수영구 수영동 231,35.171212,129.1139531,
수영사적공원,부산광역시 수영구 수영동 229-1,35.170967,129.1143,
수정근린공원,부산광역시 북구 화명동 2321,35.22261326,129.0062975,
수참공원,부산광역시 강서구 미음동 1684,35.15294993,128.8683978,
숙등공원,부산광역시 북구 덕천동 410-4,35.21138646,129.0145546,
숲길공원,부산광역시 강서구 지사동 1279,35.14716022,128.8243936,
숲속공원,부산광역시 금정구 부곡동 961,35.21944676,129.096175,
숲향기공원,부산광역시 동래구 온천동 1853-9,35.21021924,129.0662569,
쉼마루소공원,부산광역시 수영구 남천동 600,35.14267307,129.1055963,
쉼터공원,부산광역시 북구 덕천동 809-2,35.20970196,129.0175599,
스포원파크,부산광역시 금정구 두구동 1641,35.291504,129.10487,
승학산 억새평원,부산광역시 사하구 당리동 산 45-1,35.116604,128.97968,
시랑공원,부산광역시 북구 구포동 1214-39,35.20187899,129.0058005,
시민공원,부산광역시 부산진구 범전동 200,35.16545561,129.0558558,
신덕공원,부산광역시 북구 만덕동 943-3,35.20390278,129.0309305,
신라대학교박물관,부산광역시 사상구 괘법동 산 1-23,35.17203752,128.9977368,
신명공원(1호근린공원),부산광역시 강서구 지사동 1258,35.147492,128.825637,
신선대,부산광역시 남구 용당동 산170,35.102272,129.10277,
신정소공원,부산광역시 동래구 사직동 1044,35.196715,129.0666314,
신천공원,부산광역시 금정구 선동 1000,35.27571656,129.117538,
신평레포츠공원,부산광역시 사하구 신평동 651-9,35.09324072,128.959711,
신평소공원,부산광역시 기장군 일광면 신평리 11-1,35.29267691,129.2600243,
신평소공원,부산광역시 기장군 일광면 신평리 11-1 ,35.29337,129.26012,
신호공원,부산광역시 강서구 신호동 315-1,35.08217087,128.8708641,
신호공원,부산광역시 강서구 신호동 315-7,35.08268678,128.8695172,
쌍미공원,부산광역시 연제구 연산동 2272,35.18810088,129.0876026,
씨씨윗북 북스토어,부산광역시 영도구 영선동4가 953,35.079052,129.04463,
씨앗공원,부산광역시 사하구 구평동 201,35.07721144,128.9902403,
아난티 코브 이터널저니,부산광역시 기장군 기장읍 시랑리 704-1 ,35.197235,129.22784,
아라공원,부산광역시 기장군 일광읍 삼성리 801,35.26093526,129.2203895,
아랫바람공원,부산광역시 기장군 일광읍 삼성리 775,35.2680829,129.2239698,
아르떼뮤지엄부산,부산광역시 영도구 동삼동 201-74,35.087098,129.0763538,
아름공원,부산광역시 기장군 기장읍 대라리 124-3,35.24152444,129.2142111,
아미동 비석마을,부산광역시 서구 아미동2가 227-7,35.099068,129.0127,
아미산자생식물원,부산광역시 사하구 다대동 929,35.06088807,128.9705132,
아미산전망대,부산광역시 사하구 다대동 1548-1,35.052727,128.96075,
아미산전망대공원,부산광역시 사하구 다대동 1548-1,35.05265992,128.9606941,
아시아선수촌공원,부산광역시 해운대구 반여동 1634,35.20216233,129.1226305,
아이파크공원,부산광역시 해운대구 우동 1408-2,35.1577488,129.1434158,
아트스페이스 리,부산광역시 금정구 장전동 503-7,35.228651,129.077379,
아홉산 숲,부산광역시 기장군 철마면 웅천리 520-10,35.287334,129.17046,
안골새공원,부산광역시 사하구 감천동 31-5,35.08666516,129.0066649,
안락꽃밭공원,부산광역시 동래구 안락동 171-8,35.19099348,129.112504,
안락꿈돌이공원,부산광역시 동래구 안락동 455-8,35.199551,129.106137,
안평수변공원,부산광역시 기장군 철마면 안평리 12-5,35.25044355,129.1840536,
암남공원,부산광역시 서구 암남동 산193,35.0616574,129.0149368,
압곡공원,부산광역시 강서구 구랑동 1218,35.12848615,128.8442359,
애솔공원,부산광역시 기장군 정관읍 매학리 796,35.3188404,129.1826084,
야시곡공원,부산광역시 사상구 모라동 1325,35.194794,128.9948069,
양달숲근린공원,부산광역시 북구 화명동 187,35.24460876,129.014908,
양정공원,부산광역시 부산진구 전포동 109-1,35.16796029,129.068137,
양지1공원,부산광역시 사상구 주례동 306,35.155144,129.0032654,
양지2공원,부산광역시 사상구 주례동 314,35.15408151,129.0044646,
양지공원,부산광역시 부산진구 양정동 528,35.17204571,129.0806133,
어린이공원,부산광역시 남구 대연동 산 166-6,35.132607,129.083827,
어린이공원,부산광역시 남구 문현동 212-3,35.13272883,129.073,
어린이공원,부산광역시 남구 문현동 238-233,35.1388443,129.0764,
어린이공원,부산광역시 남구 용호동 522-1,35.1454519,129.0672,
어린이공원,부산광역시 동래구 수안동 7-11,35.19916919,129.0812171,
어린이공원(낙민1재건축),부산광역시 동래구 낙민동 20-49,35.197295,129.0928457,
어린이공원(안락1주택재건축),부산광역시 동래구 명장동 150-10,35.20180676,129.108544,
어린이공원(안락1주택재건축),부산광역시 동래구 명장동 152-15,35.20169813,129.1106403,
어린이대공원,부산광역시 부산진구 초읍동 43,35.18271899,129.0469946,
어린이대공원,부산광역시 부산진구 초읍동 43,35.184998,129.04153,
어울공원,부산광역시 기장군 정관읍 용수리 1290-3,35.32749948,129.1799784,
어울림공원,부산광역시 연제구 거제동 1480,35.1916864,129.0705333,
어울림어린이공원,부산광역시 영도구 동삼동366-1,35.0755677,129.0738066,
얼레공원,부산광역시 기장군 정관읍 용수리 1394,35.3224931,129.1712167,
엄광산어린이공원,부산광역시 서구 서대신동3가 산60,35.13270638,129.0096327,
에덴유원지,부산광역시 사하구 하단동 786-1,35.10916994,128.9622675,
에디슨공원,부산광역시 강서구 명지동 3230-12,35.087519,128.897994,
여고소공원,부산광역시 동래구 사직동 1043,35.19792059,129.0666585,
역사공원2,부산광역시 중구 중앙동4가 15-3,35.10512761,129.0396108,
연꽃공원,부산광역시 기장군 철마면 웅천리 215,35.29640393,129.1694732,
연봉공원,부산광역시 연제구 연산동 631-6,35.18607288,129.0845711,
연산공원,부산광역시 연제구 연산동 2373,35.17303541,129.0801392,
연안꽃동산공원,부산광역시 동래구 낙민동 80,35.19394139,129.091889,
연안수민공원,부산광역시 동래구 낙민동 83-12,35.19489855,129.0933215,
연이공원,부산광역시 연제구 연산동 2304,35.17412087,129.0835229,
연잎공원,부산광역시 연제구 연산동 477-1,35.18596788,129.1080879,
연정1공원,부산광역시 강서구 대저1동 1318-82,35.218336,128.968132,
연지어린이공원,부산광역시 부산진구 연지동 48,35.17304567,129.0557013,
연천공원,부산광역시 연제구 연산동 2313,35.18974006,129.0996952,
연화공원,부산광역시 연제구 연산동 1431-1,35.17886494,129.0764976,
열린공원,부산광역시 북구 금곡동 1112-1,35.25137122,129.0137086,
열림공원,부산광역시 사하구 다대동 953-1,35.05534932,128.9674954,
열매공원,부산광역시 사하구 구평동 511,35.07986636,128.9897447,
영도 봉산마을,부산광역시 영도구 봉래동5가 143-35,35.09309,129.05125,
영도다리,부산광역시 영도구 대교동1가 20,35.095295,129.03656,
영도해돋이전망대 ,부산광역시 영도구 청학동 468-502,35.08908,129.05594,
영주어린이공원,부산광역시 중구 영주동 274-11,35.1115211,129.0307744,
영화의 거리,부산광역시 해운대구 우동 1410-1,35.154633,129.14278,
영화의 전당,부산광역시 해운대구 우동 1467,35.171055,129.12703,
옛골공원,부산광역시 연제구 연산동 2274,35.18727453,129.0902746,
옛터공원,부산광역시 강서구 명지동 3483-4,35.107713,128.9219154,
옛터공원,부산광역시 기장군 정관읍 방곡리 389-3,35.32647927,129.1899849,
오랑대공원,부산 기장군 기장읍 시랑리 산1-18,35.205246,129.22583,
오륙도,부산광역시 남구 용호동 950-1 ,35.102177,129.12334,
오륜대 순교자 성지,부산광역시 금정구 부곡동 1-4 ,35.24589,129.10143,
오륜대한국순교자박물관,부산광역시 금정구 부곡동 1-4,35.24570172,129.1009016,
오름소공원,부산광역시 중구 동광동5가 14-1,35.10853818,129.0328293,
오리중앙공원,부산광역시 기장군 장안읍 오리 1119-4,35.35940534,129.2717619,
오산공원,부산광역시 해운대구 중동 1762,35.16713479,129.1732319,
오션블루 가덕휴게소,부산광역시 강서구 천성동 산255-1,35.023594,128.80673,
오솔길공원,부산광역시 수영구 남천동 615,35.14082164,129.1121532,
오솔소공원,부산광역시 남구 용호동 372-24,35.120114,129.113082,
오시리아 해안 산책로,부산광역시 기장군 기장읍 시랑리 62-22,35.198395,129.22993,
오초량,부산광역시 동구 초량동 81-1,35.12196,129.04192,
온새미로공원,부산광역시 동래구 온천동 1836,35.20843173,129.0629303,
온천3동공원,부산광역시 동래구 온천동 1379-1,35.202827,129.068595,
온천공원,부산광역시 동래구 온천동 산201-1,35.20725578,129.0617177,
온천아파트공원,부산광역시 동래구 온천동 707,35.209842,129.074409,
온천어린이공원,부산광역시 동래구 온천동 387-10,35.214377,129.072262,
와룡공원,부산광역시 강서구 미음동 1559,35.15653403,128.853379,
와석소공원,부산광역시 북구 화명동 1417-12,35.2354418,129.0150153,
와우공원,부산광역시 해운대구 좌동 1452,35.16504225,129.1811558,
와치어린이공원,부산광역시 영도구 동삼동 510-4,35.07578869,129.0677495,
요산꽃님공원,부산광역시 금정구 남산동 967-1,35.271819,129.086971,
요산문학관,부산광역시 금정구 남산동 662 ,35.27258,129.08571,
용당공원,부산광역시 북구 화명동 2301-1,35.23129716,129.0099322,
용두공원,부산광역시 강서구 대저2동 1870-67,35.183679,128.956007,
용두산공원,부산광역시 중구 광복동2가 1-2,35.10020856,129.0322778,
용소웰빙공원,부산광역시 기장군 서부리 223-6,35.29197733,129.2133031,
용소웰빙공원,부산광역시 기장군 기장읍 서부리 산7-2,35.24623,129.20415,
용호 별빛공원,부산광역시 남구 용호동 5-5,35.1328,129.12,
용호공원,부산광역시 남구 용호동 176-30,35.126895,129.109629,
우룡산공원,부산광역시 남구 대연동 산180,35.13074664,129.082289,
우리공원,부산광역시 북구 금곡동 98-2,35.26023674,129.0152698,
우성공원,부산광역시 금정구 구서동 1030-1,35.255578,129.086254,
우신자연공원,부산광역시 북구 화명동 1426-2,35.23763153,129.0154303,
우암1공원,부산광역시 남구 우암동 110-5,35.12841827,129.0790723,
우암동 도시숲,부산광역시 남구 우암동 127-128,35.127033,129.07382,
우암동 소막마을,부산광역시 남구 우암동 189-1048,35.1256,129.07018,
우열등공원,부산광역시 강서구 범방동 1920,35.13986929,128.885057,
우장춘 기념관,부산광역시 동래구 온천동 850-48,35.213547,129.07202,
우정공원,부산광역시 기장군 기장읍 교리 341,35.25342658,129.2165471,
운봉공원,부산광역시 해운대구 반송동 873,35.2303502,129.1618731,
운수공원,부산광역시 사상구 모라동 75-3,35.18340104,129.0006778,
운수사,부산광역시 사상구 모라동 1,35.18432,129.01346,
운촌어린이공원,부산광역시 해운대구 우동 759-15,35.1585421,129.1521893,
울례공원,부산광역시 기장군 장안읍 명례리 893,35.37513002,129.2502451,
울림공원,부산광역시 강서구 명지동 3392,35.09900855,128.9259889,
웃들공원,부산광역시 강서구 녹산동 1338-12,35.11506377,128.8823946,
웃음누리공원,부산광역시 해운대구 좌동 1347-4,35.16847014,129.1673318,
월내공원,부산광역시 기장군 장안읍 월내리 257-6,35.32897223,129.2798411,
월내공원,부산광역시 기장군 장안읍 월내리 662-3,35.32458309,129.2599127,
월드컵기념등대공원,부산광역시 기장군 대변리 245-25,35.2203901,129.2344866,
월륜공원,부산광역시 연제구 연산동 2307,35.18356594,129.1125046,
윗골공원,부산광역시 기장군 정관읍 매학리 709,35.3238211,129.177611,
유엔기념공원,부산광역시 남구 대연동 779-1 ,35.12779033,129.0957174,
유엔평화공원,부산광역시 남구 대연동 707,35.125774,129.10027,
유엔평화기념관,부산광역시 남구 대연동 747-97,35.12475247,129.093215,
율리공원,부산광역시 북구 금곡동 1116-1,35.24819223,129.0144382,
으뜸공원,부산광역시 해운대구 반여동 1594-68,35.199106,129.1344203,
은빛공원,부산광역시 금정구 금사동 27-9,35.224242,129.113042,
은빛공원,부산광역시 사하구 다대동 113-4,35.06724935,128.9780931,
은하수공원,부산광역시 기장군 기장읍 대라리 246,35.2389282,129.2096572,
은하수어린이공원,부산광역시 부산진구 부암동 721,35.1746046,129.0317164,
을숙도,부산광역시 사하구 하단동 1207-2,35.107143,128.94283,철새와 함께하는 아름다운 문화의 향연
을숙도기후생태교육공원,부산광역시 사하구 하단동 1149-38,35.11187699,128.9475379,
음정공원,부산광역시 북구 구포동 1200,35.20611452,129.0102457,
응봉공원,부산광역시 사하구 다대동 1549-1,35.05154267,128.9611924,
의성1소공원,부산광역시 북구 덕천동 360-17,35.21399013,129.0169994,
의성2소공원,부산광역시 북구 덕천동 376-13,35.21324233,129.0169571,
이기대공원,부산광역시 남구 용호동 산27 일원,35.12367789,129.1229501,
이바구길 사진관,부산광역시 동구 초량동 460-4,35.11625,129.03874,
이중섭문화거리,부산광역시 동구 범일동 1462-9 ,35.14069,129.05289,
인공철새서식지 명품둘레길,부산광역시 강서구 신호동 203,35.082302,128.88304,
인도문화원,부산광역시 남구 대연동 867-28,35.13031,129.09508,
일광 광산마을,부산광역시 기장군 일광읍 원리 663-7,35.30874,129.22404,
일광이천생태공원,부산광역시 기장군 일광면 이천리 692,35.2714082,129.2350173,
일광해수욕장,부산광역시 기장군 일광읍 삼성리 143-10,35.259953,129.23373,
일산봉어린이공원,부산광역시 영도구 동삼동 1123,35.085692,129.0700343,
임랑해수욕장,부산광역시 기장군 장안읍 임랑리,35.31905,129.26451,
임시수도기념관,부산광역시 서구 부민동3가 22,35.103527,129.01735,
자유공원,부산광역시 해운대구 좌동 1447-1,35.1677819,129.1848492,
장림공원,부산광역시 사하구 장림동 1125,35.08188889,128.965405,
장림포구(부네치아),부산광역시 사하구 장림동 1092,35.080727,128.95694,
장밭갓공원,부산광역시 사상구 엄궁동 669-1,35.12893558,128.9781865,
장산,부산광역시 해운대구 좌동 1390,35.193577,129.14497,
장산공원,부산광역시 해운대구 좌동 1371-1,35.17440803,129.1651705,
장안사,부산광역시 기장군 장안읍 장안리 598,35.37473,129.2329,
장전공원,부산광역시 강서구 미음동 1531,35.16168262,128.8615873,
장전공원,부산광역시 금정구 장전동 산 30,35.23537237,129.0675686,
재송소공원,부산광역시 해운대구 재송동 산51,35.1878414,129.1322709,
재송역사박물관,부산광역시 해운대구 재송동 274-2,35.1846356,129.1251954,
전포2-1재개발,부산광역시 부산진구 전포동 415-7,35.1541799,129.0711269,
전포2-1재개발공원,부산광역시 부산진구 전포동 925,35.15325551,129.0701524,
전포2-1재개발공원,부산광역시 부산진구 전포동 913,35.15749578,129.06978,
전포2-1재개발공원,부산광역시 부산진구 전포동 917,35.15775835,129.0706738,
절골공원,부산광역시 사상구 엄궁동 669-4,35.12811765,128.9794237,
절영어린이공원,부산광역시 영도구 동삼동 1124-3,35.07191238,129.0611745,
정관제1호공원,부산광역시 기장군 정관읍 달산리 1096,35.3173771,129.1931154,
정자공원,부산광역시 사하구 괴정동 534-4,35.09663989,128.9886538,
정중앙공원,부산광역시 부산진구 부암동 541-9,35.17038,129.03691,
제1호어린이공원,부산광역시 기장군 정관읍 달산리 1054,35.31521992,129.1818252,
제2운동공원,부산광역시 사하구 장림동 산145,35.07549083,128.9576218,
제2호어린이공원,부산광역시 기장군 정관읍 달산리 1124-7,35.32013941,129.204051,
제3체육공원,부산광역시 사하구 다대동 산103,35.06040949,128.961317,
제니스소공원(1),부산광역시 해운대구 우동 1407-12,35.15731827,129.1441783,
제니스소공원(2),부산광역시 해운대구 우동 1407-13,35.15589121,129.14594,
조각보박물관,부산광역시 해운대구 좌동 1352-3,35.16869405,129.1661951,
조리공원,부산광역시 금정구 두구동 1217-2,35.3036335,129.111567,
조선통신사역사관,부산광역시 동구 범일동 590-5,35.135754,129.06203,
조성공원,부산광역시 사하구 다대동 1548-16,35.04986397,128.9645862,
좌천3어린이공원,부산광역시 기장군 장안읍 좌천리 72-12,35.31093947,129.2405198,
좌천더숲어린이공원,부산광역시 동구 좌천동 745-4,35.13681529,129.0521561,
좌천범일어린이공원,부산광역시 동구 좌천동1167,35.13139818,129.0557555,
좌천해마루공원,부산광역시 동구 좌천동 931-9,35.13584114,129.0473998,
주감공원,부산광역시 사상구 주례동 1288-1,35.15579312,128.9959911,
주공공원,부산광역시 기장군 기장읍 서부리 105,35.2449941,129.2100891,
주례백양공원,부산광역시 사상구 주례동 961,35.155438,128.9983131,
죽곡공원,부산광역시 강서구 범방동 1899-1,35.147447,128.878631,
죽도공원,부산광역시 동구 범일동 590-5 ,35.135754,129.06203,
죽성성당,부산광역시 기장군 기장읍 죽성리 134-7,35.241013,129.24864,
죽향공원,부산광역시 기장군 정관읍 모전리 756,35.3332331,129.1696399,
중리어린이공원,부산광역시 영도구 동삼동 510-36,35.0747356,129.0713706,
중사도,부산광역시 강서구 식만동,35.20947,128.91457,
중앙공원,부산광역시 기장군 정관읍 매학리 742,35.322188,129.1818961,
중앙공원,부산광역시 동구 수정동 707-37,35.13257724,129.0390617,
중앙공원,부산광역시 중구 영주동 239-114,35.1096029,129.0281365,
중앙공원(구 대신공원) 대신계곡,부산광역시 서구 서대신동3가 산2-1,35.121838,129.01567,
중앙공원(대신공원),부산광역시 서구 서대신동3가 산 2-3,35.12393472,129.0184838,
중현공원,부산광역시 사하구 다대동 1550-5,35.05139146,128.9670788,
증권박물관(부산관),부산광역시 남구 문현동 1227-2,35.14844428,129.0653876,
증산공원,부산광역시 동구 범일동 산81-28,35.13740399,129.050407,
지사공원(2호근린공원),부산광역시 강서구 지사동 1180,35.15133835,128.8314007,
직녀공원,부산광역시 북구 화명동 750-1,35.23441688,129.0198797,
직녀공원,부산광역시 해운대구 좌동 1322,35.17125289,129.1805602,
진달래공원,부산광역시 기장군 기장읍 청강리 143,35.23980222,129.2225149,
창날공원,부산광역시 사상구 괘법동 537-2,35.16389142,128.985594,
창신공원,부산광역시 사상구 주례동 294,35.15560251,129.0045877,
천사공원,부산광역시 북구 금곡동 1884,35.24436499,129.0107755,
철새탐방공원,부산광역시 강서구 명지동 3308-3,35.08408028,128.9118101,
철쭉공원,부산광역시 북구 덕천동 787,35.21029607,129.02118,
청강소공원,부산광역시 기장군 기장읍 청강리 3-16,35.24462913,129.2205265,
청사포,부산광역시 해운대구 중동 591-18,35.1603496,129.1913331,
초량 1941,부산광역시 동구 초량동 845,35.11972846,129.0293865,
미포,부산광역시 해운대구 중동 940-14,35.16091033,129.1715043,
초량 이바구길,부산 동구 초량동 865-48,35.11814,129.03362,
초록공원,부산광역시 해운대구 반여3동 산110-2번지,35.2033471,129.1280857,
초록어린이공원,부산광역시 남구 대연동 1896,35.12197316,129.0897906,
초롱공원,부산광역시 사하구 다대동 1668,35.06108921,128.9715893,
초연공원,부산광역시 부산진구 초읍동 산66-1,35.18005229,129.0488899,
최민식갤러리,부산광역시 서구 아미동2가 89-9,35.09833,129.01472,
충렬사,부산광역시 동래구 안락동 420-45,35.20119,129.09607,
충렬사공원,부산광역시 동래구 안락동 831-1,35.20169201,129.095486,
충무동 해안시장,부산광역시 서구 충무동1가 1-20,35.095985,129.0255,
충효공원,부산광역시 기장군 기장읍 교리 358,35.2537151,129.2190711,
친환경스카이웨이전망대,부산광역시 동구 초량동 산53-1,35.12086,129.03201,
큰나무공원,부산광역시 강서구 명지동 3234-1,35.08309131,128.897766,
큰배공원,부산광역시 강서구 명지동 3349,35.10259051,128.921011,
킴스필드아트미술관,부산광역시 금정구 금성동 385-2,35.252403,129.0542017,
탑동공원,부산광역시 강서구 미음동 1536-1,35.16194516,128.8585526,
태야공원,부산광역시 강서구 미음동 1659,35.14594508,128.8730082,
태종대,부산광역시 영도구 동삼동 산19-2 ,35.052643,129.0878,
태종대자동차극장,부산광역시 영도구 동삼동 1011,35.06202972,129.0824368,
토곡근린공원,부산광역시 연제구 연산동 2223,35.17955738,129.1092524,
톤즈공원,부산광역시 서구 남부민동 611-340,35.08259435,129.0235512,
통일공원,부산광역시 기장군 기장읍 동부리 160,35.24599964,129.2156441,
통일동산어린이공원,부산광역시 남구 문현동 189-16,35.139757,129.0730801,
통일아시아드공원,부산광역시 사하구 다대동 1585,35.05939394,128.980004,
파도공원,부산광역시 강서구 명지동 3409,35.09346196,128.9159765,
파란마음공원,부산광역시 북구 만덕동 956-1,35.20837827,129.0356658,
파랑새공원,부산광역시 수영구 광안동 180-1,35.151799,129.1127574,
팔각어린이공원,부산광역시 영도구 동삼동 1123 ,35.085692,129.0700343,
패스파인더 남포점,부산광역시 중구 신창동1가 8-2,35.100525,129.03075,
팽나무공원,부산광역시 사하구 감천동 140-2,35.08365282,129.0067331,
팽나무공원,부산광역시 수영구 수영동 119,35.17063374,129.1187722,
평화공원,부산광역시 금정구 서동 141-22,35.21884849,129.1068253,
평화공원,부산광역시 남구 대연동 706-5,35.125799,129.100282,
포디움다이브엠,부산광역시 수영구 광안동 199-7,35.148014,129.11356,
포천공원,부산광역시 북구 구포동 1230-4,35.19699994,129.0097491,
푸른공원,부산광역시 해운대구 좌동 1349,35.17199733,129.1683664,
푸른소공원,부산광역시 영도구 봉래동4가 361,35.093015,129.046409,
푸른솔밭공원,부산광역시 금정구 남산동 979-5,35.26885382,129.086384,
푸른숲공원,부산광역시 해운대구 재송동 1040-4,35.191395,129.1265798,
푸른어린이공원,부산광역시 영도구 동삼동 510-29,35.0740081,129.0675833,
푸조나무숲공원,부산광역시 금정구 두구동 1210-1,35.30327415,129.1125364,
풀꽃공원,부산광역시 사하구 구평동 514,35.08018378,128.9877105,
풀소리공원,부산광역시 북구 만덕동 960-4,35.21648039,129.0358237,
하늘공원,부산광역시 동래구 온천동 1853-28,35.211947,129.0704191,
하늘공원,부산광역시 북구 만덕동 944-7,35.20306969,129.0358741,
하늘공원,부산광역시 사하구 다대동 1673,35.06361877,128.9833972,
하늘땅별땅공원,부산광역시 사하구 신평동 354-10,35.0926691,128.968786,
하늘빛공원,부산광역시 연제구 연산동 2350,35.17373815,129.0830881,
하늘소공원,부산광역시 영도구 봉래동4가 349,35.09230863,129.0493555,
하늘아리공원,부산광역시 기장군 정관읍 모전리 773,35.33121835,129.1652844,
하리지구 소공원,부산광역시 영도구 동삼동 1174-6,35.06972055,129.0815802,
하리지구 소공원,부산광역시 영도구 동삼동 1179,35.06865839,129.0824214,
하얀마음공원,부산광역시 북구 만덕동 955-4,35.20529686,129.0336286,
한국거래소자본시장역사박물관,부산광역시 남구 문현동 1229-1,35.14685663,129.0657612,
한국기독교선교박물관,부산광역시 동래구 수안동 1-13,35.20171298,129.0824401,
한길소공원,부산광역시 동래구 사직동 1045,35.19792059,129.0666585,
한들공원,부산광역시 연제구 연산동 2314,35.19029035,129.0957541,
한마음공원,부산광역시 북구 만덕동 922-2,35.21177941,129.031541,
한마음공원,부산광역시 연제구 거제동 1482-1,35.19351732,129.07274,
한마음공원,부산광역시 해운대구 반여동 1640,35.2005549,129.120578,
한빛공원,부산광역시 북구 만덕동 831,35.21382724,129.0330222,
한빛공원,부산광역시 연제구 연산동 2273,35.18905223,129.091121,
한빛공원,부산광역시 해운대구 재송동 1057-19,35.1884197,129.1246118,
한성1918 부산생활문화센터,부산광역시 중구 동광동3가 11,35.10178,129.03444,
한적공원,부산광역시 강서구 생곡동 1539-1,35.13196464,128.880666,
함박공원,부산광역시 북구 만덕동 853-1,35.20597297,129.0386553,
함지골공원,부산광역시 영도구 동삼동 산149-4,35.07348728,129.0540805,
해관공원,부산광역시 강서구 천성동 1642-3,35.03849192,128.814867,
해광사,부산광역시 기장군 기장읍 연화리 473-1,35.205593,129.22546,
해동용궁사,부산광역시 기장군 기장읍 시랑리 416-3,35.188583,129.22346,
해름소공원,부산광역시 사상구 엄궁동 652-16,35.12486809,128.9656458,
해밀공원,부산광역시 기장군 정관읍 용수리 1361,35.32563042,129.1686472,
해바라기공원,부산광역시 기장군 기장읍 대라리 171,35.23617435,129.2153827,
해바라기공원,부산광역시 사하구 하단동 1184-4,35.09927344,128.9579837,
해바람공원,부산광역시 해운대구 좌동 1364,35.17105879,129.163919,
해솔어린이공원,부산광역시 남구 문현동 96-3,35.14203831,129.079284,
해송공원,부산광역시 사하구 다대동 113-7,35.06616046,128.9788592,
해오라기공원,부산광역시 강서구 명지동 3602-3,35.09386757,128.9093268,
해오름공원,부산광역시 기장군 정관읍 용수리 1300,35.32727921,129.1815608,
해오름공원,부산광역시 수영구 망미동 1163,35.17789541,129.1000294,
해운대,부산광역시 해운대구 우동 620-3,35.158474,129.15987,
해운대공원,부산광역시 해운대구 우동 703-1,35.15825347,129.1564918,
해운대수목원,부산광역시 해운대구 석대동 24번지,35.2297418,129.1256921,
해운대수목원,부산광역시 해운대구 석대동 77,35.22992,129.1327,
해찬나래공원,부산광역시 사하구 감천동 94-1,35.08473771,129.0068555,
햇님공원,부산광역시 기장군 일광면 이천리 925,35.26797029,129.2361182,
햇님공원,부산광역시 사하구 하단동 601,35.1033814,128.9605712,
햇돌공원,부산광역시 기장군 정관읍 매학리 722,35.31981854,129.1755274,
햇살공원,부산광역시 수영구 망미동 824-8,35.172688,129.0991924,
햇살공원,부산광역시 연제구 연산동 2235-5,35.17787494,129.1119206,
햇살공원,부산광역시 해운대구 좌동 1293,35.1753801,129.1746027,
행복공원,부산광역시 북구 금곡동 810-2,35.25839307,129.0161711,
현대 모터스튜디오 부산,부산광역시 해운대구 우동 620-3,35.17674,129.11513,
현대공원,부산광역시 기장군 기장읍 청강리 22-2,35.2433921,129.2201996,
현충근린공원,부산광역시 북구 화명동 2304,35.22916235,129.0079977,
형제공원,부산광역시 금정구 남산동 987-5,35.266603,129.087772,
호암공원,부산광역시 수영구 광안동 743-5,35.158241,129.1115509,
호천마을,부산광역시 부산진구 범천동 1517-8,35.144295,129.05106,
홍법사,부산광역시 금정구 두구동 1029,35.30383,129.11041,
홍티문화공원,부산광역시 사하구 다대동 1608,35.06206727,128.9590237,
홍티아트센터,부산광역시 사하구 다대동 1608,35.05365,128.95828,
화동공원,부산광역시 강서구 화전동 606,35.11124213,128.886451,
화랑공원,부산광역시 금정구 금사동 115-2,35.214929,129.1166613,
화명근린공원,부산광역시 북구 화명동 918-2,35.22421216,129.0148203,
화명장미원,부산광역시 북구 화명동 2280,35.23338169,129.0098946,
화명생태공원,부산광역시 북구 화명동 1718-17,35.23076233,129.0034371,
화명수목원,부산광역시 북구 화명동 69 ,35.25257,129.04205,
화명중앙공원,부산광역시 북구 화명동 2279,35.23375269,129.0084538,
화목어린이공원,부산광역시 부산진구 개금동 1-2,35.16245003,129.0227772,
화암공원,부산광역시 강서구 화전동 554-3,35.110563,128.877536,
화연공원,부산광역시 강서구 화전동 597-2,35.1021469,128.879468,
화전공원,부산광역시 강서구 화전동 582-1,35.105611,128.879107,
화정근린공원,부산광역시 북구 화명동 2328,35.22224877,129.0097404,
화지공원,부산광역시 부산진구 양정동 산 73-28,35.17523615,129.0619366,
화현공원,부산광역시 동래구 명장동 611-2,35.200824,129.106906,
황령산 전망쉼터,부산광역시 남구 대연동 산53-58,35.158115,129.08269,
황령산레포츠공원,부산광역시 부산진구 전포동 산36,35.15709,129.07631,
황령산봉수전망대,부산광역시 부산진구 전포동 산50-1,35.157204,129.08163,
회동수원지,부산 금정구 오륜동 352-3,35.245823,129.11913,
회동첨단공원,부산광역시 금정구 회동동 553,35.23344085,129.127999,
회화나무 샘터공원,부산광역시 사하구 괴정동 1244-5,35.09785341,128.9911467,
횡계공원,부산광역시 기장군 일광읍 횡계리 302,35.27033504,129.221679,
효암공원,부산광역시 기장군 장안읍 임랑리 386-1,35.3150477,129.2595161,
후동숲공원,부산광역시 기장군 일광읍 삼성리 849,35.26234432,129.2254439,
후동앞뜰공원,부산광역시 기장군 일광읍 삼성리 860,35.25919116,129.2233657,
희망공원,부산광역시 강서구 송정동 1625,35.09309167,128.8531419,
희망공원,부산광역시 기장군 기장읍 교리 325,35.2532881,129.213168,
희망공원,부산광역시 북구 화명동 2311,35.22628162,129.0095189,
희망공원,부산광역시 사하구 당리동 309-5,35.1070058,128.9727379,
희망공원,부산광역시 수영구 망미동 1181,35.17405109,129.102599,
희망공원,부산광역시 해운대구 반여동 1291-2,35.197702,129.1334271,
흰여울문화마을,부산광역시 영도구 영선동4가 650-1번지,35.07885,129.04402,
전포공구길,부산광역시 부산진구 전포동 664-9,35.15876,129.06415,
